Table,Column,Type,Nullable,Key,Default,References,On Delete,Personal Data,Description,Why
outlets,id,bigint,No,PK,identity,,,No,"Surrogate key; reviews and managers reference it.","AC-US-01-001-1: an added outlet can be chosen as the outlet of imported reviews."
outlets,name,text,No,UK,,,,No,"Outlet name as the admin typed it; the CSV outlet column must match it, ignoring case.","AC-US-01-001-1: the admin adds an outlet with a name; HLD flow A matches each CSV row's outlet by this name."
outlets,created_at,timestamptz,No,,now(),,,No,"When the outlet was added.","Rule: audit columns (database postgres reference)."
outlets,updated_at,timestamptz,No,,now(),,,No,"Last change to this row.","Rule: audit columns (database postgres reference)."
users,id,bigint,No,PK,identity,,,No,"Surrogate key; the only identity the JWT carries.","ADR-0007: the token identifies the user only and role and outlet are re-read from this row."
users,email,text,No,UK,,,,Yes,"Sign-in name and the digest recipient address.","AC-US-00-001-1: the manager signs in; AC-US-01-009-5: the digest is addressed to the brand admin."
users,name,text,No,,,,,Yes,"Name shown in the top bar and beside a reply the manager marked replied.","AC-US-00-003-2: the review shows as replied with the manager."
users,role,user_role,No,,,,,No,"brand_admin or outlet_manager, re-read on every request.","Q-002: the admin sees all outlets, a manager one; ADR-0007 re-reads the role per request."
users,outlet_id,bigint,Yes,FK,,outlets.id,RESTRICT,No,"The one outlet an outlet manager may see and act on; null for the brand admin.","Q-002 and AC-US-00-001-2 to -4: a manager sees only the assigned outlet; tenet 3 takes the scope from this row."
users,password_hash,text,No,,,,,No,"bcrypt hash from the users file; never the password.","ADR-0007: the password is checked against a bcrypt hash; AC-US-00-001-1 refuses a wrong password."
users,removed_at,timestamptz,Yes,,,,,No,"Set when the account left the users file; sign-in is refused and the row stays.","AC-US-00-003-2: a replied review keeps showing its manager after that manager leaves the users file, so the row cannot be deleted."
users,created_at,timestamptz,No,,now(),,,No,"When the account was first loaded.","Rule: audit columns (database postgres reference)."
users,updated_at,timestamptz,No,,now(),,,No,"Last change from the users file.","Rule: audit columns; the start-up upsert changes name, role, outlet or hash."
imports,id,bigint,No,PK,identity,,,No,"Surrogate key; reviews record the import that brought them in.","HLD section 4 review fix: a review references its import so a bad import can be found."
imports,request_id,uuid,No,UK,,,,No,"Client-made id; a repeat returns this result and imports nothing.","Tenet 8: a repeated upload returns the first result with no second row."
imports,file_name,text,No,,,,,No,"Name of the uploaded file, shown with the result.","Screen S-07 success state names the imported file; a repeat must return the same result."
imports,imported_count,integer,No,,0,,,No,"Rows stored as new reviews; set before the import commits.","AC-US-01-002-1: the admin sees how many reviews were imported."
imports,duplicate_count,integer,No,,0,,,No,"Rows skipped because the same review was already imported.","HLD flow A: rows already imported are counted, not stored; S-07 shows the skipped count."
imports,rejected_count,integer,No,,0,,,No,"Rows rejected; each is listed in import_rejections.","AC-US-01-002-3 and Q-023: rejected rows are reported."
imports,created_at,timestamptz,No,,now(),,,No,"When the import committed.","Rule: audit columns; imports are never updated, so there is no updated_at."
import_rejections,import_id,bigint,No,PK FK,,imports.id,CASCADE,No,"The import that rejected the row.","AC-US-01-002-3: each rejected row is reported for its import; tenet 8 returns the same list on a repeat."
import_rejections,row_number,integer,No,PK,,,,No,"Row number in the file, counted as the admin sees it in a spreadsheet.","AC-US-01-002-3 and Q-023: each rejected row is reported with its row number."
import_rejections,reason,text,No,,,,,No,"Why the row was rejected, worded so the admin can fix it.","AC-US-01-002-3 and Q-023: each rejected row is reported with its reason."
reviews,id,bigint,No,PK,identity,,,No,"Integer id; the id the tagging batch sends and every result line must carry.","AC-US-01-004-1 and tenet 4: results are stored by review id; HLD section 8 keeps ids short integers to fit 20 lines under max_tokens 1000."
reviews,outlet_id,bigint,No,FK UK,,outlets.id,RESTRICT,No,"The outlet reviewed, matched from the CSV outlet column.","REQ-003 and AC-US-01-002-2: the stored review holds its outlet; tenet 3 filters every outlet query on it."
reviews,import_id,bigint,Yes,FK,,imports.id,RESTRICT,No,"The import that brought the review in; null for reviews the seed command wrote.","HLD section 4 review fix: review import; the seed (AC-US-02-006-1) writes reviews without an upload."
reviews,source,text,No,UK,,,,No,"Where the review was written, as the CSV source column says.","REQ-003 and AC-US-01-002-2: the stored review holds its source unchanged."
reviews,review_date,date,No,UK,,,,No,"Calendar date of the review.","REQ-003; Q-005 and AC-US-01-007-1: weeks run Monday to Sunday; HLD review fix: a calendar date in the brand timezone."
reviews,rating,smallint,No,,,,,No,"Star rating, a whole number from 1 to 5.","REQ-003; AC-US-01-005-1 averages it per week; scale 1 to 5 whole stars decided by the product owner on 2026-10-06."
reviews,review_text,text,No,UK,,,,Yes,"The review as written, kept unchanged.","REQ-003 and AC-US-01-002-2; AC-US-01-008-1 searches it; it is sent to the model for tags and drafts."
reviews,reviewer_name,text,No,UK,,,,Yes,"Name of the person who wrote the review.","REQ-003 and AC-US-01-002-2; AC-US-01-008-1 searches it; required, decided by the product owner on 2026-10-06."
reviews,created_at,timestamptz,No,,now(),,,No,"When the review was stored.","Rule: audit columns; reviews are never edited, so there is no updated_at."
review_tags,review_id,bigint,No,PK FK,,reviews.id,CASCADE,No,"The review the result line named; one result per review.","REQ-011 and AC-US-01-003-6: one stored result per review, never re-tagged; ADR-0006: no row means untagged."
review_tags,themes,text[],No,,,,,No,"Theme codes from the configured list; zero, one or several.","AC-US-01-003-2 and Q-021: zero, one or several themes from the list; AC-US-01-006-2 counts each theme once."
review_tags,sentiment,sentiment,No,,,,,No,"One label: positive, neutral or negative.","AC-US-01-003-4 and Q-013: one sentiment label per review."
review_tags,is_urgent,boolean,No,,,,,No,"True when the review concerns food safety, harassment or a legal threat.","REQ-010 and AC-US-01-003-5; AC-US-01-008-3 and AC-US-01-009-4 list urgent reviews."
review_tags,prompt_version,integer,No,,,,,No,"Number of the tagging prompt version that produced this result.","AC-US-02-002-2 and Q-011: a stored tag names the prompt version that produced it."
review_tags,created_at,timestamptz,No,,now(),,,No,"When the result was stored.","Rule: audit columns; a result is never changed, so there is no updated_at."
replies,review_id,bigint,No,PK FK,,reviews.id,CASCADE,No,"The review replied to; the primary key lets only one request claim the draft.","AC-US-00-002-2: a stored draft is shown again with no model call; HLD flow B claims the row before calling the model."
replies,status,reply_status,No,,'drafting',,,No,"drafting while the model call runs, draft while editable, replied once a manager approved it.","AC-US-00-003-2 and -4 and Q-008: replied only through the manager's approval; AC-US-01-008-2 filters on reply status."
replies,draft_text,text,Yes,,,,,Yes,"The text the model drafted, kept as drafted; null while drafting or when written by hand.","AC-US-00-002-1: the draft is generated, stored and shown; AC-US-00-002-7: a hand-written reply has no draft."
replies,prompt_version,integer,Yes,,,,,No,"Number of the reply prompt version that drafted draft_text; null without a model draft.","AC-US-00-002-3 and AC-US-02-002-2: the version is stored with the draft."
replies,reply_text,text,Yes,,,,,Yes,"The text the manager edits and approves; starts as the draft.","AC-US-00-003-1: the edited text is stored and shown next time; AC-US-00-003-2: replied shows the final text."
replies,replied_by,bigint,Yes,FK,,users.id,RESTRICT,No,"The outlet manager who marked it replied, which is the approval.","AC-US-00-003-2: the review shows as replied with the manager."
replies,replied_at,timestamptz,Yes,,,,,No,"When the manager marked it replied.","AC-US-00-003-2: the review shows as replied with the time."
replies,created_at,timestamptz,No,,now(),,,No,"When the draft was claimed or the reply first written.","Rule: audit columns (database postgres reference)."
replies,updated_at,timestamptz,No,,now(),,,No,"Last change; a drafting claim older than 60 seconds may be taken over.","Rule: audit columns; HLD section 8 draft deadline of 45 seconds, so an older drafting claim belongs to a crashed request."
digests,id,bigint,No,PK,identity,,,No,"Surrogate key.","Rule: every table has a primary key; request_id is the client's, not ours."
digests,request_id,uuid,No,UK,,,,No,"Client-made id; a repeat returns this digest and never sends again.","AC-US-01-009-5: one email; tenet 8 and HLD flow C step 3."
digests,status,digest_status,No,,'sending',,,No,"sending before SMTP is called, then sent or failed.","HLD flow C step 3: the row is claimed as sending before SMTP; HLD section 7: MailHog down marks it failed."
digests,week_start,date,No,,,,,No,"Monday of the latest complete week the digest covers.","AC-US-01-009-2 and Q-005: the latest complete Monday to Sunday week; S-08 names the week."
digests,recipient_email,text,No,,,,,Yes,"Address the one email went to: the brand admin.","AC-US-01-009-5 and Q-006: one email to the brand admin; S-08 shows who it was sent to."
digests,untagged_count,integer,No,,,,,No,"Reviews dated in the two compared weeks that were still untagged.","HLD flow C step 2 review fix: the first line states untagged reviews in the two weeks."
digests,subject,text,No,,,,,No,"Email subject as sent.","S-08 success state shows the email as composed; a repeat returns the recorded digest."
digests,body,text,No,,,,,Yes,"Email body as composed, quoting urgent reviews.","AC-US-01-009-3 and -4: movers and urgent reviews with their text; HLD flow C: a repeat returns the recorded digest."
digests,failure_reason,text,Yes,,,,,No,"The SMTP error shown to the admin when sending failed.","HLD section 7: MailHog down, the row is marked failed and the admin sees the error."
digests,sent_at,timestamptz,Yes,,,,,No,"When MailHog accepted the email.","S-08 success state shows the time the digest was sent."
digests,created_at,timestamptz,No,,now(),,,No,"When the digest was generated and claimed.","Rule: audit columns; AC-US-01-009-1: generated at that moment."
digests,updated_at,timestamptz,No,,now(),,,No,"Last status change.","Rule: audit columns (database postgres reference)."
model_calls,id,bigint,No,PK,identity,,,No,"Surrogate key; the gateway settles the row it reserved by this id.","HLD section 3: a cost row is reserved before the call and settled after it."
model_calls,purpose,budget.model_call_purpose,No,,,,,No,"tagging, drafting, evaluation, tone_check, or reconciliation for a start-up adjustment.","AC-US-02-001-1: tagging, drafting and evaluation calls all pass the gateway; AC-US-02-004-5: evaluation cost is in the total."
model_calls,model,text,Yes,,,,,No,"Model identifier sent to OpenRouter; null only on a reconciliation row.","AC-US-02-001-2: a log row records the model."
model_calls,prompt_version,integer,Yes,,,,,No,"Number of the prompt version sent; the purpose says which prompt.","HLD section 10: the cost log is the audit of every call and its prompt version (Q-011)."
model_calls,input_tokens,integer,Yes,,,,,No,"Input tokens OpenRouter reported; null until the call settles.","REQ-030 and AC-US-02-001-2: a log row records input tokens."
model_calls,output_tokens,integer,Yes,,,,,No,"Output tokens OpenRouter reported; null until the call settles.","REQ-030 and AC-US-02-001-2: a log row records output tokens."
model_calls,reserved_cost_usd,"numeric(12,8)",No,,,,,No,"Worst-case price reserved before the call; counts until settled.","REQ-031 and Q-015 with HLD section 3: a timed-out or cancelled call stays counted at its reserved price."
model_calls,settled_cost_usd,"numeric(12,8)",Yes,,,,,No,"usage.cost from the response, in USD; replaces the reserved price in the total.","REQ-030 and AC-US-02-001-2: a log row records the cost in USD."
model_calls,outcome,budget.model_call_outcome,No,,'reserved',,,No,"reserved while in flight, settled with a response, failed without one.","HLD section 3: the running total sums settled cost, or reserved cost where not settled."
model_calls,created_at,timestamptz,No,,now(),,,No,"When the call was reserved, which is the time the log shows.","AC-US-02-001-2: a log row records the time."
model_calls,updated_at,timestamptz,No,,now(),,,No,"When the call settled or failed.","Rule: audit columns (database postgres reference)."
